Lead ID,Status,Datum Laatste Actie,Persoonlijke Connectie,Taal,Formele Aanspreking,Naam,Bedrijf / Organisatie,E-mailadres,Opmerkingen / Bron
hotel-bonka,Verzonden,2026-09-03 16:19:08,TV & Documentaire,Documentaire / TV-format / Impact storytelling,Beste team Hotel Bonka,,Hotel Bonka (Hotel Hungaria & Bonka Circus),info@hotelbonka.be,https://hotelbonka.be/
the-kind-kids,Verzonden,2026-09-03 16:31:11,Impact Branding & Storytelling,Inclusieve branding / Maatschappelijke campagne / Web,Beste team Shaved Monkey en Statik,,The Kind Kids (Shaved Monkey & Statik),info@shavedmonkey.be,https://www.thekindkids.be/ | +32 16 67 19 01
boondoggle-havas,Te contacteren,2026-09-03 15:30:00,Campagne & Brand Activation,Creatief concept / Corporate merkactivatie,Beste team Boondoggle,,Boondoggle Havas,info@boondoggle.eu,https://www.boondoggle.eu/ | +32 2 348 38 00
bridgeneers,Te contacteren,2026-09-03 15:30:00,Institutioneel & PR,PR-begeleiding / Maatschappelijke sportparticipatie,Beste team Bridgeneers,,Bridgeneers,info@bridgeneers.be,https://www.bridgeneers.be/
epic-frame,Verzonden,2026-09-03 16:31:07,Videoproductie,Wedstrijd aftermovies / YouTube-serie / Sponsor pitches,Beste team Epic Frame,,Epic Frame,info@epicframe.be,https://epicframe.be/ | +32 16 88 74 84
jack-and-charlie,Niet contacteren,2026-09-03 16:34:15,Video & Reels,Dynamische reels / Actiebeelden / TV-reportages,Beste team Jack & Charlie,,Jack & Charlie (Medialife),info@medialife.be,Niet contacteren: gevestigd in Hasselt (geen Leuvense verankering); draft verwijderd uit Gmail.
billycom,Verzonden,2026-09-03 16:39:40,Studio & Interviews,Studio interviews / Podcasts / Copywriting pers,Beste team Billycom,,Billycom,hello@billycom.be,https://www.billycom.be/
mediacs,Te contacteren,2026-09-03 15:30:00,Online Video & Motion,Motion graphics / Social video templates / Visuals,Beste team Mediacs,,Mediacs,info@mediacs.be,https://www.mediacs.be/
kuleuven-multimedia,Te contacteren,2026-09-03 15:30:00,Academische Media & Studio,Academische / Technische docu / Podcast studio,Beste collega's van Multimedia & Leren,,KU Leuven Dienst Multimedia & Leren,multimedia@kuleuven.be,https://www.kuleuven.be/onderwijs/multimedia-leren/productie
we-are-your-wingman,Verzonden,2026-09-03 16:26:00,Social Media Management,Social media strategie / Vertical video / Community,Beste team Wingman,,We Are Your Wingman,info@weareyourwingman.com,https://www.weareyourwingman.com/ | +32 478 04 28 19
cypres,Verzonden,2026-09-03 16:39:42,Content Marketing & Longform,Journalistieke interviews / Blog / B2B Storytelling,Beste team Cypres,,Cypres (Propaganda Group),connect@cypres.com,https://www.cypres.com/ | +32 16 29 77 37
boem-agency,Te contacteren,2026-09-03 15:30:00,AI & Visual Branding,AI-ondersteunde visuele assets / Social ads,Beste team BOEM,,BOEM Agency,info@boem.agency,https://boem.agency/
krachtig-online,Te contacteren,2026-09-03 15:30:00,On-Site Contentcreatie,Fotografie & video op trainingslocatie (Canon R5/R6),Beste team Krachtig Online,,Krachtig Online,info@krachtigonline.be,https://krachtigonline.be/
websters,Te contacteren,2026-09-03 15:30:00,Marketing Training & Ads,Social media training / Canva-templates / Ad-beheer,Beste team Websters,,Websters,info@websters.be,https://www.websters.be/
kpot,Te contacteren,2026-09-03 15:30:00,Brand Identity & Fotografie,Visuele huisstijl / Campagnefotografie / Typografie,Beste team kpot,,kpot,info@kpot.be,https://kpot.be/
de-praeters,Geen Match,2026-09-03 17:08:08,Podcast Productie,Productie Road to LA 2028 podcastreeks,Beste team De Praeters,Koen,De Praeters,koen@depraeters.be,Geen match voor barter wegens productiekosten; reactie klaargezet in thread.
mijnleuven-mediacrew,Verzonden,2026-09-03 16:31:09,Jongerencontent & Vlogs,Vlogs / TikToks / Reportages door jonge makers,Beste Mediacrew van MijnLeuven,,MijnLeuven Mediacrew (Stad Leuven),mijnleuven@leuven.be,https://www.mijnleuven.be/mediacrew
ama-management,Te contacteren,2026-09-03 15:30:00,Sportmanagement & Strategie,Commerciële vertaling / Mediasparringpartner,Beste Maximiliaan,,AMA Management (Maximiliaan De Vooght),contact@ama-management.com,https://www.ama-management.com/ | +32 475 871 239
