Maand,Datum,Video_Titel_en_Focus,Nieuwe_Views_Maand,Cumulatieve_Views,Nieuwe_Abonnees_Maand,Cumulatieve_Abonnees,Inkomsten_AdSense_EUR,Inkomsten_Producten_Netto_EUR,Inkomsten_Sponsors_Deals_EUR,Totale_Inkomsten_Maand_EUR,Cumulatieve_Inkomsten_EUR,Target_Doelstelling_Mijlpaal
M01,Nov 2026,"Why Climbers Suck at Slopers (Sloper King & Power Endurance)",25000,25000,1200,1200,0,1500,0,1500,1500,"Directe kwalificatie YouTube Partner Program (>1k subs); Batch 1 Sloper King uitverkocht"
M02,Dec 2026,"Can 3D-Printed Climbing Gear Hold 800 kg? (Breektest)",50000,75000,2000,3200,100,1200,0,1300,2800,"Bewezen betrouwbaarheid 3D prints; activering maker community; AdSense monetisatie actief"
M03,Jan 2027,"I Gave an Elite Climber a Prosthetic Leg (Viral Hit)",180000,255000,6500,9700,1080,2100,0,3180,5980,"Eerste grote virale doorbraak buiten de klimsport; bijna 10k abonnees bereikt"
M04,Feb 2027,"Why Standard Hangboards Injure Your Fingers (A2 Pulley Fix)",90000,345000,3300,13000,540,3475,1500,5515,11495,"10k Subs Mijlpaal; lancering Fingerprint Hangboard; eerste structurele micro-sponsor"
M05,Mrt 2027,"I 3D-Printed a Custom Grip for World Champion Jakob Schubert",160000,505000,5800,18800,960,4100,2000,7060,18555,"Halve Miljoen Views; internationale hefboom via Schubert; eerste betaalde video-integratie"
M06,Apr 2027,"I Analyzed 50,000 Kilter Board Climbs (Heatmap Analytics)",85000,59000,2700,21500,510,5100,1500,7110,25665,"Lancering Kilter Analytics App; 20k abonnees; Reddit r/climbharder community adoptie"
M07,Mei 2027,"I Built a Transparent Climbing Wall in My Living Room",190000,780000,6500,28000,1140,4225,2500,7865,33530,"Maker & DIY virale hit; extreme kijktijd (AVD); grote hardware/materiaal sponsor"
M08,Jun 2027,"The Physics of Friction on Impossible Holds (feat. Hannes)",105000,885000,3200,31200,630,2675,1500,4805,38335,"30k Abonnees Mijlpaal; Belgische topsportchemie vlak voor zomer outdoor klimseizoen"
M09,Jul 2027,"Can an Algorithm Predict When You Will Fall? (Heart Rate AI)",80000,965000,2300,33500,480,2200,2000,4680,43015,"Quantified-self & biohackers bereikt; interesse van wearable en sensor merken"
M10,Aug 2027,"Engineering My Way to the Paralympics (Brand Manifesto)",100000,1065000,3800,37300,600,2675,5000,8275,51290,"1 MILJOEN VIEWS MIJLPAAL; corporate partner instap voor Paralympisch LA2028 traject"
M11,Sep 2027,"I Remade the World's First Indoor Climbing Hold (Pico)",75000,1140000,2200,39500,450,2050,1500,4000,55290,"Erfgoed & media-aandacht (VRT/Sporza); respect en merkwaarde bij federaties en veteranen"
M12,Okt 2027,"I Built 3 Ridiculous Climbing Prosthetics (Drill & Jumper)",180000,1320000,6000,45500,1080,3775,2500,7355,62645,"Einde Jaar 1: >45k abonnees; virale entertainment hit met miljoenen views op Shorts/TikTok"
M13,Nov 2027,"Stop Doing Repeater Hangs (Power Endurance Hang App)",95000,1415000,2800,48300,570,4025,2000,6595,69240,"Lancering Power Endurance Interval App; continue verkoop van Fingerprint boards en Slopers"
M14,Dec 2027,"I Got a Medical DXA Scan (Climbing Weight & Nutrition)",105000,1520000,3200,51500,630,3125,2000,5755,74995,"50.000 ABONNEES MIJLPAAL (Halverwege Silver Play Button); hoge engagement en reacties"
M15,Jan 2028,"Inside a 2x World Cup Gold Training Week (LA28 Kick-off)",95000,1615000,2700,54200,570,2050,5000,7620,82615,"Start Paralympisch kwalificatiejaar 2028; tweede grote corporate LA28 sponsor instap"
M16,Feb 2028,"I Put Load Cells on Climbing Holds (Smart Force Sensors)",105000,1720000,3000,57200,630,4200,3500,8330,90945,"B2B productonthulling slimme grepen; R&D cyclus voltooid; >€90k netto gerealiseerd"
