Month,Release_Date,Video_Title,Core_Topic,Target_Audience,Funnel_Role,Expected_Views_Range,Expected_Views_Midpoint,View_Potential_Tier,Why_This_View_Estimate
1,Nov 2026,"Why Climbers Suck at Slopers (And How I Fixed My Biggest Weakness)",The Sloper King (Biomechanics of 4 wrist flexors vs 2; length-tension curves; Batch 1 pre-order),"Climbers, Engineers",Product Launch & Core Authority,35k - 80k,55000,Evergreen Core,"Universal climbing pain point. High search intent and organic sharing on Reddit (r/climbharder) and gym group chats. Solves a real problem, driving high retention and pre-orders."
2,Dec 2026,"Can 3D-Printed Climbing Gear Hold 800 kg? (Hydraulic Destruction Test)",3D-Print Destruction Rig (Layer lines; mechanical decoupling; rope tensile vs plastic compression),"Makers, Engineers, Climbers",Authority & Skepticism Buster,60k - 150k,100000,High Potential,"High-CTR curiosity hook. Climbers fear 3D-printed gear failing; hydraulic rig and 1000 FPS slow-motion destruction tap into broad engineering and maker fascination (Mark Rober/Hydraulic Press effect)."
3,Jan 2027,"I Gave an Elite Climber a Prosthetic Leg (It Did Not Go Well)",All About Leg Amputee Climbing (World-class climber tests prosthetic; no calf push; World Cup footage in Korea/Japan),"General YouTube, Climbers, Makers",Viral Breakout & Brand Anchor,150k - 500k+,300000,Mega Viral Breakout,"Massive emotional and comedic hook. Seeing an elite climber struggle on 6b creates instant empathy and shock value. Broad appeal far beyond climbing; high shareability across Reddit, TikTok, and YouTube Shorts."
4,Feb 2027,"Why Standard Hangboards Injure Your Fingers (The A2 Pulley Fix)",The Fingerprint Hangboard (Staggered anatomical finger lengths; A2 pulley relief; 20mm history; custom app),"Climbers, Engineers",Product Launch #2 & Evergreen Search,40k - 90k,65000,Evergreen Core,"The A2 pulley strain is the #1 injury fear in climbing. Peaks in February (winter hangboard season). High long-term search volume and steady organic views for years."
5,Mrt 2027,"I 3D-Printed a Custom Grip for World Champion Jakob Schubert",Collab with Jakob Schubert (3D handprint scanning; custom biomechanical hold; testing by world champion),"Climbers, Makers, Fans",Audience Expansion & Collab Surge,100k - 300k,180000,Viral Collab,"Jakob Schubert has 150k+ YouTube subscribers and huge international prestige. Joint Instagram Collab + YouTube community tab generates an instant wave of high-intent subscribers."
6,Apr 2027,"I Analyzed 50,000 Kilter Board Climbs (The Most Sandbagged Holds)",Kilter Board Analytics & Heatmaps (Data science; algorithm ranking; grade inflation vs sandbagging; custom app),"Engineers that climb, Tech nerds",Niche Tribal Virality,40k - 100k,70000,Evergreen Core,"Board climbing is a global obsession. Reddit and gym communities constantly debate Kilter grades. Data visualization and heatmaps trigger viral forum discussions."
7,Mei 2027,"I Built a Transparent Climbing Wall in My Living Room",Transparent Living Room Wall (Thermoforming clear plastic tiles; camera looking out from inside the wall),"Makers, Tech, General YouTube",Visual Novelty & Maker Spectacle,120k - 350k,220000,Viral Breakout,"Visual spectacle never attempted before on YouTube. Looking through the wall directly into the climber's face creates an irresistible thumbnail and viral short-form clips."
8,Jun 2027,"The Physics of Friction on Impossible Holds (feat. Hannes Van Duysen)",Extreme Friction Masterclass (Microscopic rubber contact; normal force physics; prosthetic micro-edging),"Climbers, Physics Nerds",Domestic Superstar Collab,45k - 95k,70000,Evergreen Core,"Collab with Belgian prodigy Hannes Van Duysen. Drops right before peak outdoor rock climbing season when climbers obsess over rubber, friction, and conditions."
9,Jul 2027,"Can an Algorithm Predict When You Will Fall? (Heart Rate Telemetry)",Heartbeat Fall Predictor (Real-time telemetry; biometric sensors; predicting muscular failure & pump),"Engineers, Biohackers, Climbers",Tech Innovation Deep-Dive,25k - 60k,40000,Targeted Authority,"Captures the growing wearables and quantified-self demographic. Appeals to athletes and tech professionals who love data-driven training."
10,Aug 2027,"Engineering My Way to the Paralympics (Making Gear That Actually Worked)",The Fré Leys Origin Story & LA28 Quest (From Antwerp & robotics PhD to World Cup Gold; the tools that changed everything),"Climbers, Makers, General Public",Brand Manifesto & Sponsor Magnet,50k - 120k,80000,High Potential,"Deeply personal and aspirational narrative. Perfect mid-season anchor that cements Fré's credibility, personal stakes for LA2028, and makes mainstream press/sponsors take notice."
11,Sep 2027,"I Remade the World's First Indoor Climbing Hold",Belgian Climbing Heritage & Pico (First gym; first indoor route; 3D scanning and recreating the historical hold),"Climbers, Heritage/History Fans",Cultural Depth & Respect,20k - 50k,35000,Targeted Authority,"Emotional, historical documentary-style essay. High credibility and prestige among veteran climbers; establishes Fré as a true custodian of climbing culture."
12,Okt 2027,"I Built 3 Ridiculous Climbing Prosthetics (Drill, Spring & Jumper)",Crazy Prosthetics Experiments (Pneumatic spring foot; drill attachment; extreme wall testing),"Makers, General YouTube, Gamers",Entertainment & Broad Crossover,100k - 400k,250000,Viral Breakout,"Pure entertainment engineering (Colin Furze / Hacksmith style). Highly clickable thumbnail with non-climber appeal; drives massive top-of-funnel discovery."
13,Nov 2027,"Stop Doing Repeater Hangs (Why Alternating Hands Builds True Power Endurance)",Power Endurance Protocol & App (Alternating 1-hand vs 2-hand density hangs; continuous flow app),"Climbers, Coaches",Training Methodology & App Launch,35k - 75k,50000,Evergreen Core,"Contrarian training method solving the boredom and unrealistic flow of standard 7/3 repeaters. Strong utility with custom app, appealing to dedicated indoor climbers."
14,Dec 2027,"I Got a Medical DXA Scan (The Brutal Truth About Climbing Weight & Food)",Nutrition, Weight & DXA Scan (Lean mass, bone density, supplements, creatine, the honest struggle of food discipline),"Climbers, Fitness Nerds",Honest Biohacking & Health,40k - 85k,60000,Evergreen Core,"Power-to-weight ratio is the #1 obsessive topic among climbers. Honest, vulnerable vulnerability combined with hard medical DXA data creates high engagement and comments."
15,Jan 2028,"Inside a 2x World Cup Gold Training Week (Periodization & Recovery)",Personal Training Explainer (Balancing robotics PhD work with top sport; heart rate variability; fatigue management),"Climbers, Athletes, Students",Community Loyalty & Behind-the-Scenes,30k - 65k,45000,Targeted Authority,"Behind-the-scenes periodization diary. Deepens subscriber connection right as the 2028 Paralympic qualification season begins."
16,Feb 2028,"I Put Load Cells on Climbing Holds to Measure Real Force",Force Sensors on the Wall (Live telemetry; foot vs hand load distribution; commercial hardware prototype),"Engineers, Gear Innovators",Future Product Reveal & Commercial Scale,30k - 70k,50000,Targeted Authority,"Bridges the gap between research lab and consumer product. Culminates 16 months of R&D with high engineering credibility and teases the next commercial hardware frontier."
